timestamp,open,high,low,close,volume,vwap
2022-02-25 05:00:00,133.5255,135.389,131.765,134.5195,26235860.0,133.9443
2022-02-28 05:00:00,133.2845,135.6405,132.8253,134.891,29665600.0,134.2415
2022-03-01 05:00:00,134.48,136.111,133.3785,134.168,24639920.0,134.5272
2022-03-02 05:00:00,134.6083,135.6155,133.4325,134.7515,23966740.0,134.7739
2022-03-03 05:00:00,135.9785,136.7138,133.431,134.308,19779300.0,134.7946
2022-03-04 05:00:00,133.3825,134.199,130.4085,132.122,24472240.0,131.7707
2022-03-07 05:00:00,131.904,131.904,126.41,126.4645,39177900.0,128.0828
2022-03-08 05:00:00,126.2505,131.2465,125.8608,127.2785,35233560.0,128.0285
2022-03-09 05:00:00,131.4,134.1985,130.088,133.866,32257440.0,132.5154
2022-03-10 05:00:00,131.4625,133.5385,131.401,132.682,24265200.0,132.4544
2022-03-11 05:00:00,133.9995,134.2,130.2965,130.4755,26599800.0,131.8673
2022-03-14 04:00:00,130.573,131.026,126.413,126.741,30253860.0,127.8632
2022-03-15 04:00:00,127.7415,130.5173,126.568,129.6605,30292600.0,128.9242
2022-03-16 04:00:00,131.0,133.771,129.201,133.6905,32058200.0,132.4067
2022-03-17 04:00:00,133.321,134.7395,132.719,134.6005,23994380.0,133.9459
2022-03-18 04:00:00,133.884,136.9135,132.932,136.8015,45887900.0,135.6549
2022-03-21 04:00:00,136.8475,137.5825,134.6115,136.4785,26632460.0,136.1753
2022-03-22 04:00:00,136.5,141.5,136.5,140.2775,29776860.0,139.9769
2022-03-23 04:00:00,139.1385,140.025,138.1665,138.5035,25302320.0,138.9942
2022-03-24 04:00:00,139.2725,141.3965,138.0394,141.312,20544720.0,140.2233
2022-03-25 04:00:00,141.754,141.9595,139.6995,141.5215,19289080.0,141.1405
2022-03-28 04:00:00,140.6845,141.9765,139.8281,141.95,23773080.0,141.2539
2022-03-29 04:00:00,143.1605,144.1625,142.484,143.25,28678420.0,143.3703
2022-03-30 04:00:00,142.87,143.4805,142.168,142.6445,21046380.0,142.7402
2022-03-31 04:00:00,142.4485,142.6445,139.619,139.6495,29516320.0,140.6501
2022-04-01 04:00:00,140.01,140.95,138.797,140.7,23480020.0,140.219
2022-04-04 04:00:00,140.8245,144.0438,140.8245,143.6425,19084900.0,143.3238
2022-04-05 04:00:00,143.3995,143.59,140.9435,141.063,19255560.0,141.7243
2022-04-06 04:00:00,139.1615,139.8485,136.4181,137.176,23574600.0,137.6628
2022-04-07 04:00:00,136.618,137.7015,134.8573,136.465,19448540.0,136.4278
2022-04-08 04:00:00,136.25,136.25,133.7525,134.0105,16434480.0,134.6913
2022-04-11 04:00:00,132.9,132.9392,129.6175,129.7965,23887340.0,130.6921
2022-04-12 04:00:00,132.4235,132.4235,127.576,128.3745,23003220.0,129.5384
2022-04-13 04:00:00,128.6265,130.6557,128.4386,130.286,19542960.0,129.7583
2022-04-14 04:00:00,130.6495,130.7103,127.1115,127.253,22783360.0,128.1045
2022-04-18 04:00:00,127.41,128.712,126.5785,127.961,14917200.0,127.6945
2022-04-19 04:00:00,128.077,130.9038,127.4515,130.531,22319300.0,129.8571
2022-04-20 04:00:00,131.284,131.9235,127.8941,128.2455,22609380.0,129.1548
2022-04-21 04:00:00,129.35,130.3075,124.65,124.9375,30157540.0,126.4703
2022-04-22 04:00:00,125.0,125.452,119.1405,119.614,46358300.0,121.219
2022-04-25 04:00:00,119.4295,123.278,118.7693,123.25,34521800.0,121.7167
2022-04-26 04:00:00,122.75,122.75,119.1619,119.506,49379360.0,119.2091
2022-04-27 04:00:00,114.373,117.5,113.1243,115.0205,62238120.0,115.3725
2022-04-28 04:00:00,117.115,120.4385,115.1439,119.4115,36790940.0,117.9925
2022-04-29 04:00:00,117.578,118.96,114.694,114.9665,33693100.0,116.4461
2022-05-02 04:00:00,113.9065,117.3395,113.3995,117.157,30279640.0,115.6873
2022-05-03 04:00:00,116.765,119.3,116.627,118.1295,21215740.0,118.0684
2022-05-04 04:00:00,118.0035,123.143,115.7385,122.575,33231460.0,119.5489
2022-05-05 04:00:00,120.2205,121.2333,115.1825,116.7465,43089040.0,117.0535
2022-05-06 04:00:00,115.519,117.4985,114.143,115.66,35301280.0,115.7495
2022-05-09 04:00:00,113.3035,115.5629,112.5515,113.084,34520960.0,113.6889
2022-05-10 04:00:00,116.0405,116.691,113.3833,114.5845,31157780.0,115.1134
2022-05-11 04:00:00,113.7105,116.671,113.65,113.961,36501640.0,114.7885
2022-05-12 04:00:00,111.938,114.8565,110.1135,113.161,41418880.0,112.5002
2022-05-13 04:00:00,114.8455,118.085,114.0,116.5155,29737560.0,116.3057
2022-05-16 04:00:00,115.384,116.6075,114.335,114.7925,23282380.0,115.0985
2022-05-17 04:00:00,117.2275,117.2275,115.3375,116.7015,21576080.0,116.4129
2022-05-18 04:00:00,115.2375,115.6957,112.142,112.401,27982760.0,113.4119
2022-05-19 04:00:00,111.841,113.5875,110.468,110.7455,29191740.0,111.704
2022-05-20 04:00:00,112.0855,112.55,106.373,109.313,37586020.0,108.8029
2022-05-23 04:00:00,110.104,112.0055,109.1543,111.6665,31558220.0,110.9537
2022-05-24 04:00:00,106.3775,106.395,102.208,105.926,60386380.0,104.6539
2022-05-25 04:00:00,105.142,106.5447,104.2113,105.8395,37899340.0,105.4138
2022-05-26 04:00:00,106.0505,108.9553,105.488,108.296,30287480.0,107.9324
2022-05-27 04:00:00,109.7885,112.868,109.55,112.799,29924420.0,111.9305
2022-05-31 04:00:00,113.079,116.4335,112.5725,114.039,51301920.0,114.3287
2022-06-01 04:00:00,114.9315,117.399,113.5505,114.137,28429280.0,114.9202
2022-06-02 04:00:00,114.188,117.898,113.308,117.746,27495400.0,116.4381
2022-06-03 04:00:00,115.9925,116.3645,113.668,114.564,24552080.0,114.715
2022-06-06 04:00:00,116.7425,119.3985,116.5283,117.0105,23786720.0,117.6161
2022-06-07 04:00:00,115.648,117.7486,115.1255,117.2295,26413540.0,116.7759
2022-06-08 04:00:00,116.8765,118.646,116.6968,117.238,22458260.0,117.5281
2022-06-09 04:00:00,116.3415,118.35,114.867,114.918,23141600.0,116.6693
2022-06-10 04:00:00,112.7813,113.497,110.861,111.4275,31349740.0,111.8105
2022-06-13 04:00:00,107.446,109.2185,106.5881,106.8765,36756200.0,107.6029
2022-06-14 04:00:00,106.89,108.4575,106.352,107.194,25480940.0,107.2789
2022-06-15 04:00:00,108.8995,112.063,108.1188,110.3905,33192020.0,109.8085
2022-06-16 04:00:00,108.1495,109.2905,105.7925,106.636,35313240.0,107.136
2022-06-17 04:00:00,106.535,109.2495,105.6285,107.8655,43516660.0,107.601
2022-06-21 04:00:00,109.702,112.673,109.2935,112.015,39010280.0,111.7264
2022-06-22 04:00:00,111.163,113.7695,110.7243,112.034,23921720.0,112.5524
2022-06-23 04:00:00,112.95,113.1965,111.029,112.6845,24709720.0,112.2753
2022-06-24 04:00:00,113.603,118.6375,113.603,118.538,39122760.0,117.3444
2022-06-27 04:00:00,118.935,119.25,116.0008,116.6225,32839300.0,117.3941
2022-06-28 04:00:00,116.351,117.8565,112.444,112.5715,28316220.0,114.1244
2022-06-29 04:00:00,112.1485,113.6645,111.554,112.2565,18627860.0,112.3099
2022-06-30 04:00:00,110.4995,111.3298,107.31,109.3725,38046040.0,109.3917
2022-07-01 04:00:00,108.337,109.8064,107.105,109.081,31027880.0,108.3319
2022-07-05 04:00:00,107.5145,114.0526,106.2495,113.887,36429380.0,111.3351
2022-07-06 04:00:00,114.092,116.352,112.2505,115.2135,28852680.0,114.6281
2022-07-07 04:00:00,116.008,119.862,115.534,119.306,32163940.0,118.3626
2022-07-08 04:00:00,117.55,120.435,117.514,120.1685,29082200.0,119.5004
2022-07-11 04:00:00,118.65,118.7945,116.2345,116.5225,26830460.0,117.164
2022-07-12 04:00:00,116.8385,117.8495,114.615,114.8495,24970160.0,115.8386
2022-07-13 04:00:00,112.639,115.157,111.823,112.187,38758860.0,112.8874
2022-07-14 04:00:00,110.826,111.9875,109.3255,111.44,32365540.0,111.0178
2022-07-15 04:00:00,112.963,114.0005,111.8225,112.767,33840760.0,112.7338
2022-07-18 04:00:00,113.44,114.8,109.3,109.91,33353985.0,111.8256
2022-07-19 04:00:00,111.73,114.81,110.5,114.62,30992331.0,113.3012
2022-07-20 04:00:00,114.06,116.33,113.26,114.7,26780088.0,114.8041
2022-07-21 04:00:00,115.09,115.21,111.91,115.04,27267848.0,114.0603
2022-07-22 04:00:00,111.81,113.18,107.6,108.36,44455279.0,109.4594
2022-07-25 04:00:00,108.88,110.58,107.01,108.21,28279942.0,108.4696
2022-07-26 04:00:00,107.43,107.74,104.76,105.44,36614580.0,106.3192
2022-07-27 04:00:00,109.6,114.4,108.42,113.6,41474618.0,112.3765
2022-07-28 04:00:00,112.8,114.7,111.851,114.59,23303844.0,113.6466
2022-07-29 04:00:00,113.4,116.9,113.23,116.64,31336183.0,115.6223
2022-08-01 04:00:00,115.53,117.12,114.69,115.48,22856202.0,115.8184
2022-08-02 04:00:00,114.43,117.08,114.26,115.9,17911039.0,115.709
2022-08-03 04:00:00,116.34,119.42,116.15,118.78,25302816.0,118.6642
2022-08-04 04:00:00,118.3,119.5,117.71,118.87,15757698.0,118.6541
2022-08-05 04:00:00,116.93,118.86,116.71,118.22,15607663.0,117.9346
2022-08-08 04:00:00,119.12,120.86,117.83,118.14,17061112.0,119.0511
2022-08-09 04:00:00,117.99,118.2,116.56,117.5,15424257.0,117.4652
2022-08-10 04:00:00,119.59,121.78,119.36,120.65,20497021.0,120.6521
2022-08-11 04:00:00,122.08,122.3402,119.55,119.82,16671627.0,120.7027
2022-08-12 04:00:00,121.16,122.65,120.4001,122.65,16121087.0,121.7777
2022-08-15 04:00:00,122.21,123.26,121.57,122.88,15524951.0,122.671
2022-08-16 04:00:00,122.32,123.2276,121.535,122.51,15626171.0,122.4551
2022-08-17 04:00:00,120.93,122.15,120.2,120.32,17589157.0,120.7922
2022-08-18 04:00:00,120.23,121.69,119.5502,120.86,15652029.0,120.9027
2022-08-19 04:00:00,119.87,120.0,117.67,118.12,20186983.0,118.5976
2022-08-22 04:00:00,116.1,116.5,114.67,115.07,19316024.0,115.3099
2022-08-23 04:00:00,114.32,115.93,114.3,114.77,14390691.0,115.0299
2022-08-24 04:00:00,114.45,115.7171,113.78,114.7,16051174.0,114.8635
2022-08-25 04:00:00,115.15,117.78,115.05,117.7,14874666.0,116.7266
2022-08-26 04:00:00,115.81,116.6,111.22,111.3,31698668.0,112.7411
2022-08-29 04:00:00,110.78,111.96,109.81,110.34,20386142.0,110.779
2022-08-30 04:00:00,111.03,111.37,108.8,109.91,20548202.0,109.8323
2022-08-31 04:00:00,111.63,111.77,109.05,109.15,25897978.0,110.0033
2022-09-01 04:00:00,109.2,111.22,108.19,110.55,22784385.0,109.5773
2022-09-02 04:00:00,111.34,111.675,108.13,108.68,20548080.0,109.7567
2022-09-06 04:00:00,108.135,108.88,106.51,107.48,20565050.0,107.5645
2022-09-07 04:00:00,107.76,110.99,107.615,110.48,22987178.0,109.5904
2022-09-08 04:00:00,109.18,110.58,108.06,109.42,21660654.0,109.2992
2022-09-09 04:00:00,110.05,112.0,110.0,111.78,21745034.0,111.4266
2022-09-12 04:00:00,111.99,112.64,110.93,111.87,19732905.0,111.7621
2022-09-13 04:00:00,108.89,109.37,105.0,105.31,33014991.0,106.4268
2022-09-14 04:00:00,105.44,106.1,104.5,105.87,22115805.0,105.4361
2022-09-15 04:00:00,105.01,106.21,103.31,103.9,26494933.0,104.3597
2022-09-16 04:00:00,102.97,104.03,101.855,103.63,64540115.0,103.361
2022-09-19 04:00:00,102.54,104.02,102.37,103.85,19738603.0,103.1918
2022-09-20 04:00:00,102.88,103.17,101.12,101.83,24001668.0,102.1089
2022-09-21 04:00:00,102.24,103.49,99.99,100.01,26596757.0,101.453
2022-09-22 04:00:00,99.45,101.68,99.41,100.57,21272675.0,100.6479
2022-09-23 04:00:00,100.06,100.11,98.01,99.17,25656959.0,99.0387
2022-09-26 04:00:00,98.61,100.44,98.38,98.81,22437938.0,99.183
2022-09-27 04:00:00,99.91,100.46,97.34,98.09,24224988.0,98.4784
2022-09-28 04:00:00,98.02,101.4,97.8,100.74,24616999.0,99.9058
2022-09-29 04:00:00,99.3,99.3,96.52,98.09,21921520.0,97.6273
2022-09-30 04:00:00,97.73,99.494,96.03,96.15,26277832.0,97.1941
2022-10-03 04:00:00,97.22,99.97,97.02,99.3,24150028.0,98.8716
2022-10-04 04:00:00,101.04,102.72,101.04,102.41,22580931.0,102.1585
2022-10-05 04:00:00,100.69,102.74,99.74,102.22,18475515.0,101.2591
2022-10-06 04:00:00,101.5,103.73,101.5,102.24,17156240.0,102.5763
2022-10-07 04:00:00,100.65,101.42,99.21,99.57,24249910.0,99.9701
2022-10-10 04:00:00,99.85,99.99,97.87,98.71,16529897.0,98.8267
2022-10-11 04:00:00,98.25,100.12,97.25,98.05,21617727.0,98.5129
2022-10-12 04:00:00,98.27,99.6476,97.67,98.3,17343431.0,98.5998
2022-10-13 04:00:00,95.93,100.53,95.27,99.71,32812220.0,98.6531
2022-10-14 04:00:00,100.625,101.29,97.03,97.18,22624832.0,98.095
2022-10-17 04:00:00,99.52,101.77,99.51,100.78,23311604.0,100.9317
2022-10-18 04:00:00,103.94,104.22,100.65,101.39,21610541.0,101.7697
2022-10-19 04:00:00,100.7,101.6592,99.635,100.29,21573686.0,100.5161
2022-10-20 04:00:00,100.82,103.0,99.97,100.53,25125082.0,101.1792
2022-10-21 04:00:00,98.46,101.62,98.23,101.48,28988727.0,100.2016
2022-10-24 04:00:00,102.09,103.1,100.3,102.97,24680831.0,102.0649
2022-10-25 04:00:00,103.3,105.0999,103.02,104.93,29910170.0,103.3692
2022-10-26 04:00:00,96.76,98.54,94.57,94.82,71671814.0,96.4557
2022-10-27 04:00:00,94.31,95.17,91.9,92.6,54036485.0,92.987
2022-10-28 04:00:00,92.53,96.86,92.3225,96.58,35696925.0,94.8757
2022-10-31 04:00:00,95.78,96.35,94.38,94.66,29868714.0,94.8995
2022-11-01 04:00:00,95.59,96.165,90.43,90.5,43220599.0,92.1152
2022-11-02 04:00:00,90.91,91.3,87.01,87.07,43553551.0,89.1943
2022-11-03 04:00:00,86.345,86.55,83.45,83.49,48510364.0,84.7924
2022-11-04 04:00:00,85.51,86.73,83.88,86.7,40173284.0,85.5544
2022-11-07 05:00:00,87.34,88.94,86.96,88.65,26899879.0,88.0119
2022-11-08 05:00:00,89.16,90.405,87.65,88.91,30172001.0,89.1435
2022-11-09 05:00:00,88.545,89.49,87.3599,87.4,26741896.0,88.1178
2022-11-10 05:00:00,92.34,94.55,91.65,94.17,42371216.0,93.5902
2022-11-11 05:00:00,94.71,97.36,94.16,96.73,30569112.0,96.3556
2022-11-14 05:00:00,95.5,97.18,95.1125,96.03,24170076.0,96.092
2022-11-15 05:00:00,98.67,100.42,97.02,98.72,31830969.0,98.7429
2022-11-16 05:00:00,98.02,99.85,97.9015,98.99,24660195.0,98.9746
2022-11-17 05:00:00,97.18,99.48,97.1,98.5,21818732.0,98.2569
2022-11-18 05:00:00,99.01,99.16,96.74,97.8,24969880.0,97.7991
2022-11-21 05:00:00,97.56,98.72,95.67,95.83,18696874.0,96.6517
2022-11-22 05:00:00,96.16,97.5475,94.41,97.33,18868850.0,96.474
2022-11-23 05:00:00,97.34,99.0685,97.34,98.82,17568859.0,98.3702
2022-11-25 05:00:00,98.465,98.94,97.53,97.6,8555219.0,97.9261
2022-11-28 05:00:00,97.2,97.83,95.89,96.25,19981974.0,96.4816
2022-11-29 05:00:00,96.0,96.3901,94.39,95.44,20220007.0,95.4417
2022-11-30 05:00:00,95.12,101.45,94.67,101.45,39886074.0,99.462
2022-12-01 05:00:00,101.4,102.59,100.67,101.28,21771536.0,101.4798
2022-12-02 05:00:00,99.37,101.15,99.17,100.83,18821527.0,100.2905
2022-12-05 05:00:00,99.815,101.7499,99.355,99.87,19955546.0,100.3673
2022-12-06 05:00:00,99.67,100.21,96.7604,97.31,20865623.0,97.7831
2022-12-07 05:00:00,96.77,97.31,95.025,95.15,26631494.0,95.649
2022-12-08 05:00:00,95.69,95.87,93.8,93.95,25593232.0,94.3893
2022-12-09 05:00:00,93.9,94.49,93.02,93.07,21885308.0,93.7367
2022-12-12 05:00:00,93.09,93.8745,91.9,93.56,27380948.0,92.9014
2022-12-13 05:00:00,98.07,99.8,95.38,95.85,34788522.0,96.929
2022-12-14 05:00:00,95.54,97.22,93.94,95.31,26452939.0,95.8307
2022-12-15 05:00:00,93.54,94.03,90.43,91.2,28298756.0,91.5313
2022-12-16 05:00:00,91.2,91.75,90.01,90.86,48485507.0,90.8395
2022-12-19 05:00:00,90.88,91.2,88.925,89.15,23020537.0,89.7286
2022-12-20 05:00:00,88.73,89.78,88.04,89.63,20976846.0,89.2475
2022-12-21 05:00:00,89.73,90.915,88.91,90.25,20336387.0,90.1671
2022-12-22 05:00:00,88.93,89.18,86.9401,88.26,23656066.0,87.9788
2022-12-23 05:00:00,87.62,90.1,87.62,89.81,17797010.0,89.3545
2022-12-27 05:00:00,89.31,89.5,87.535,87.93,15470870.0,88.1841
2022-12-28 05:00:00,87.5,88.52,86.3701,86.46,17879567.0,87.0144
2022-12-29 05:00:00,87.03,89.365,86.99,88.95,18280660.0,88.7039
2022-12-30 05:00:00,87.365,88.83,87.03,88.73,19190296.0,88.0028
2023-01-03 05:00:00,89.83,91.55,89.02,89.7,20738457.0,89.829
2023-01-04 05:00:00,91.01,91.24,87.8,88.71,27046483.0,88.839
2023-01-05 05:00:00,88.07,88.21,86.56,86.77,23136084.0,87.2171
2023-01-06 05:00:00,87.36,88.47,85.57,88.16,26612628.0,87.3153
2023-01-09 05:00:00,89.195,90.83,88.58,88.8,22996681.0,89.6818
2023-01-10 05:00:00,86.72,89.475,86.7,89.24,22855590.0,88.6725
2023-01-11 05:00:00,90.06,92.45,89.74,92.26,25998844.0,91.5908
2023-01-12 05:00:00,92.4,92.62,90.57,91.91,22754216.0,91.9126
2023-01-13 05:00:00,91.528,92.98,90.93,92.8,18630709.0,92.1065
2023-01-17 05:00:00,92.78,92.97,90.84,92.16,22935823.0,92.0138
2023-01-18 05:00:00,92.94,93.588,91.4,91.78,19641622.0,92.1976
2023-01-19 05:00:00,91.39,94.4,91.38,93.91,28707653.0,93.5087
2023-01-20 05:00:00,95.95,99.42,95.91,99.28,53704763.0,98.1694
2023-01-23 05:00:00,99.13,101.4,98.75,101.21,31791782.0,100.6394
2023-01-24 05:00:00,99.55,101.09,98.7,99.21,27391372.0,99.6924
2023-01-25 05:00:00,97.2,97.72,95.262,96.73,30982100.0,96.2979
2023-01-26 05:00:00,98.28,99.21,96.82,99.16,24542060.0,98.4282
2023-01-27 05:00:00,99.05,101.58,98.97,100.71,28920354.0,100.5764
2023-01-30 05:00:00,98.745,99.4088,97.52,97.95,24365142.0,98.2964
2023-01-31 05:00:00,97.86,99.91,97.79,99.87,22306778.0,99.1956
2023-02-01 05:00:00,99.74,102.1899,98.42,101.43,26392568.0,100.3484
2023-02-02 05:00:00,106.79,108.82,106.54,108.8,46599527.0,107.5359
2023-02-03 05:00:00,103.51,108.02,103.3,105.22,36823421.0,105.7063
2023-02-06 05:00:00,102.685,104.7,102.21,103.47,25573046.0,103.3784
2023-02-07 05:00:00,103.63,108.67,103.5475,108.04,33738828.0,106.0281
2023-02-08 05:00:00,102.69,103.58,98.455,100.0,73468629.0,100.2948
2023-02-09 05:00:00,100.54,100.61,93.86,95.46,97798573.0,95.559
2023-02-10 05:00:00,95.74,97.02,94.53,94.86,49325275.0,95.3663
2023-02-13 05:00:00,95.01,95.35,94.05,95.0,43116559.0,94.763
2023-02-14 05:00:00,94.66,95.175,92.65,94.95,42513079.0,94.0919
2023-02-15 05:00:00,94.74,97.34,94.36,97.1,37029885.0,96.1403
2023-02-16 05:00:00,95.54,97.88,94.97,95.78,35642106.0,96.5432
2023-02-17 05:00:00,95.07,95.75,93.45,94.59,31095067.0,94.3131
2023-02-21 05:00:00,93.24,93.4149,92.0,92.05,28367198.0,92.4551
2023-02-22 05:00:00,91.934,92.36,90.87,91.8,29748335.0,91.8634
2023-02-23 05:00:00,92.13,92.13,90.01,91.07,32423720.0,90.9098
2023-02-24 05:00:00,89.63,90.13,88.86,89.35,31295619.0,89.3262
2023-02-27 05:00:00,90.09,90.4499,89.61,90.1,22724262.0,90.0419
2023-02-28 05:00:00,89.54,91.45,89.52,90.3,30546912.0,90.548
2023-03-01 05:00:00,90.16,91.2,89.85,90.51,26323876.0,90.4949
2023-03-02 05:00:00,89.86,92.48,89.77,92.31,23344562.0,91.2907
2023-03-03 05:00:00,92.74,94.11,92.66,94.02,30242538.0,93.6677
2023-03-06 05:00:00,94.36,96.3,94.3,95.58,28288206.0,95.5947
2023-03-07 05:00:00,95.42,96.09,93.8443,94.17,24101536.0,94.6803
2023-03-08 05:00:00,94.405,96.24,94.405,94.65,25395200.0,95.1812
2023-03-09 05:00:00,94.49,95.92,92.355,92.66,24438890.0,94.0516
2023-03-10 05:00:00,92.5,93.18,90.8,91.01,32849403.0,91.8166
2023-03-13 04:00:00,90.565,93.08,89.94,91.66,31508570.0,92.0366
2023-03-14 04:00:00,93.07,94.83,92.78,94.25,32303881.0,93.9671
2023-03-15 04:00:00,93.54,97.25,93.04,96.55,38367334.0,95.5039
2023-03-16 04:00:00,96.57,101.97,95.87,101.07,54572200.0,100.2799
2023-03-17 04:00:00,100.84,103.49,100.75,102.46,76140310.0,102.2229
2023-03-20 04:00:00,101.06,102.58,100.79,101.93,25978666.0,101.8688
2023-03-21 04:00:00,101.98,105.96,101.86,105.84,33122800.0,104.7001
2023-03-22 04:00:00,105.14,107.51,104.21,104.22,32336877.0,105.6854
2023-03-23 04:00:00,105.89,107.1009,105.41,106.26,31385817.0,106.3835
2023-03-24 04:00:00,105.74,106.16,104.74,106.06,25245010.0,105.7146
2023-03-27 04:00:00,105.32,105.4,102.63,103.06,25393417.0,103.7219
2023-03-28 04:00:00,103.0,103.0,100.28,101.36,24913480.0,101.124
2023-03-29 04:00:00,102.72,102.82,101.03,101.9,26148300.0,101.8403
2023-03-30 04:00:00,101.44,101.61,100.29,101.32,25009829.0,101.0925
2023-03-31 04:00:00,101.71,104.19,101.44,104.0,28107953.0,103.2761
2023-04-03 04:00:00,102.67,104.95,102.38,104.91,20719861.0,103.9159
2023-04-04 04:00:00,104.84,106.1,104.6,105.12,20377231.0,105.2342
2023-04-05 04:00:00,106.12,106.54,104.1021,104.95,21864200.0,104.9011
2023-04-06 04:00:00,105.77,109.63,104.815,108.9,34684150.0,107.7817
2023-04-10 04:00:00,107.39,107.97,105.6,106.95,19741517.0,106.7011
2023-04-11 04:00:00,106.92,107.22,105.28,106.12,18721278.0,106.21
2023-04-12 04:00:00,107.39,107.5874,104.97,105.22,22761569.0,105.8834
2023-04-13 04:00:00,106.47,108.265,106.44,108.19,21650747.0,107.7588
2023-04-14 04:00:00,107.69,109.58,107.59,109.46,20758686.0,108.8498
2023-04-17 04:00:00,105.43,106.71,105.32,106.42,29043443.0,106.0535
2023-04-18 04:00:00,107.0,107.05,104.78,105.12,17641369.0,105.6674
2023-04-19 04:00:00,104.215,105.725,103.8,105.02,16732016.0,104.8937
2023-04-20 04:00:00,104.65,106.8875,104.64,105.9,22515331.0,105.812
2023-04-21 04:00:00,106.09,106.64,105.485,105.91,22379018.0,105.9505
2023-04-24 04:00:00,106.05,107.32,105.36,106.78,21410908.0,106.6004
2023-04-25 04:00:00,106.61,107.44,104.56,104.61,31405059.0,106.0205
2023-04-26 04:00:00,105.56,107.02,103.27,104.45,37027268.0,105.045
2023-04-27 04:00:00,105.23,109.15,104.42,108.37,38230420.0,107.9371
2023-04-28 04:00:00,107.8,108.29,106.04,108.22,23957872.0,107.5516
2023-05-01 04:00:00,107.72,108.68,107.5,107.71,20926259.0,107.9752
2023-05-02 04:00:00,107.66,107.73,104.5,105.98,20343116.0,106.0089
2023-05-03 04:00:00,106.22,108.13,105.62,106.12,17116333.0,106.592
2023-05-04 04:00:00,106.16,106.3,104.7,105.21,19780637.0,105.4847
2023-05-05 04:00:00,105.32,106.44,104.7386,106.215,20710627.0,105.7624
2023-05-08 04:00:00,105.795,108.42,105.79,108.24,17266021.0,107.6016
2023-05-09 04:00:00,108.78,110.595,107.725,107.94,24782442.0,108.9356
2023-05-10 04:00:00,108.55,113.51,108.48,112.28,47521463.0,111.0469
2023-05-11 04:00:00,115.86,118.44,114.9301,116.9,57114613.0,117.2496
2023-05-12 04:00:00,117.0,118.26,116.55,117.92,31293778.0,117.4618
2023-05-15 04:00:00,116.49,118.795,116.48,116.96,22107865.0,117.3948
2023-05-16 04:00:00,116.83,121.2,116.83,120.09,32370113.0,119.7844
2023-05-17 04:00:00,120.18,122.28,119.46,121.48,26659564.0,120.9044
2023-05-18 04:00:00,121.56,123.9,121.49,123.52,27014468.0,122.9645
2023-05-19 04:00:00,124.2,126.479,122.72,123.25,30268864.0,123.8659
2023-05-22 04:00:00,123.51,127.05,123.45,125.87,29760236.0,125.9081
2023-05-23 04:00:00,124.93,125.42,123.05,123.29,24477945.0,124.099
2023-05-24 04:00:00,121.88,122.7499,120.75,121.64,23087925.0,121.7088
2023-05-25 04:00:00,125.21,125.98,122.9,124.35,33812730.0,124.4922
2023-05-26 04:00:00,124.065,126.0,123.29,125.43,25169036.0,125.1676
2023-05-30 04:00:00,126.29,126.38,122.89,124.64,27230726.0,124.529
2023-05-31 04:00:00,123.7,124.9,123.1,123.37,41548759.0,123.6419
2023-06-01 04:00:00,123.5,125.04,123.3,124.37,25017674.0,124.0531
2023-06-02 04:00:00,124.49,126.745,124.35,125.23,19367453.0,125.3646
2023-06-05 04:00:00,124.61,127.99,124.38,126.63,22672516.0,126.7919
2023-06-06 04:00:00,126.6,128.88,125.97,127.91,19450128.0,127.848
2023-06-07 04:00:00,127.575,129.55,122.63,122.94,34179348.0,124.2895
2023-06-08 04:00:00,122.585,123.73,122.01,122.67,24814996.0,122.7692
2023-06-09 04:00:00,122.56,124.285,122.42,122.87,20313676.0,123.2914
2023-06-12 04:00:00,123.395,124.75,122.35,124.35,22289632.0,123.6092
2023-06-13 04:00:00,125.65,125.86,123.845,124.43,19287650.0,124.6652
2023-06-14 04:00:00,123.8,124.79,122.16,124.38,24659620.0,123.8195
2023-06-15 04:00:00,123.88,126.16,123.14,125.79,24517071.0,124.9852
2023-06-16 04:00:00,126.7,126.7,123.79,124.06,56599200.0,124.6765
2023-06-20 04:00:00,123.535,125.175,122.83,123.85,22695528.0,123.8062
2023-06-21 04:00:00,123.235,123.41,120.86,121.26,22612002.0,121.6918
2023-06-22 04:00:00,120.66,123.935,119.6,123.87,20781888.0,122.3027
2023-06-23 04:00:00,122.04,123.44,121.86,123.02,29573123.0,122.8786
2023-06-26 04:00:00,121.4656,122.72,118.99,119.09,22822391.0,120.2248
2023-06-27 04:00:00,117.84,119.895,116.91,119.01,27222215.0,118.7017
2023-06-28 04:00:00,117.96,121.27,117.6,121.08,19753145.0,120.2944
2023-06-29 04:00:00,120.09,120.91,119.21,120.01,18517458.0,119.9927
2023-06-30 04:00:00,121.1,122.03,120.88,120.97,23871764.0,121.3002
2023-07-03 04:00:00,120.32,121.02,119.705,120.56,13888262.0,120.374
2023-07-05 04:00:00,120.06,123.37,120.06,122.63,17830347.0,122.4443
2023-07-06 04:00:00,120.64,121.1499,119.2499,120.93,17750181.0,120.4417
2023-07-07 04:00:00,120.89,121.75,120.09,120.14,20997665.0,120.8863
2023-07-10 04:00:00,119.07,119.07,116.64,116.87,32960078.0,117.3323
2023-07-11 04:00:00,116.76,118.225,115.83,117.71,18286571.0,117.43
2023-07-12 04:00:00,119.3,120.96,119.0,119.62,22059611.0,119.8107
2023-07-13 04:00:00,121.54,125.335,121.06,124.83,31535853.0,124.3071
2023-07-14 04:00:00,125.13,127.09,124.9,125.7,20499780.0,125.7791
2023-07-17 04:00:00,126.06,127.28,124.5,125.06,20675297.0,125.3239
2023-07-18 04:00:00,124.905,124.99,123.3,124.08,21071248.0,123.9981
2023-07-19 04:00:00,124.79,125.47,122.47,122.78,22313803.0,123.5633
2023-07-20 04:00:00,122.12,124.7,118.685,119.53,27541711.0,120.8341
2023-07-21 04:00:00,120.87,121.3,119.07,120.31,56474645.0,120.2407
2023-07-24 04:00:00,121.926,123.35,121.38,121.88,22312092.0,122.1357
2023-07-25 04:00:00,121.88,123.69,121.53,122.79,31820846.0,124.0628
2023-07-26 04:00:00,130.36,131.37,128.71,129.66,46216895.0,129.9937
2023-07-27 04:00:00,131.8,133.6,129.18,129.87,35931612.0,131.5584
2023-07-28 04:00:00,130.97,134.07,130.92,133.01,26971011.0,133.014
2023-07-31 04:00:00,133.01,133.83,132.13,133.11,18381891.0,132.9153
2023-08-01 04:00:00,130.855,132.92,130.75,131.89,22219012.0,131.8788
2023-08-02 04:00:00,129.84,130.42,127.85,128.64,22705778.0,128.9444
2023-08-03 04:00:00,128.37,129.77,127.775,128.77,15086132.0,128.8553
2023-08-04 04:00:00,129.6,131.93,128.315,128.54,20521852.0,129.7949
2023-08-07 04:00:00,129.51,132.06,129.43,131.94,17621041.0,131.1171
2023-08-08 04:00:00,130.98,131.94,130.13,131.84,16835952.0,131.3725
2023-08-09 04:00:00,132.19,132.47,129.505,130.15,17745218.0,130.8519
2023-08-10 04:00:00,131.97,132.647,130.035,130.21,17855681.0,131.0634
2023-08-11 04:00:00,129.202,130.44,128.75,130.17,15205465.0,129.7561
2023-08-14 04:00:00,129.85,131.91,129.59,131.83,17526195.0,131.3438
2023-08-15 04:00:00,131.59,131.99,129.819,130.27,14769173.0,130.7511
2023-08-16 04:00:00,129.28,130.8975,128.46,129.11,17548355.0,129.404
2023-08-17 04:00:00,130.45,132.4913,129.85,130.46,23665562.0,130.9301
2023-08-18 04:00:00,129.06,129.83,127.0,128.11,23627196.0,128.0749
2023-08-21 04:00:00,127.85,129.26,127.16,128.93,21851070.0,128.5364
2023-08-22 04:00:00,129.13,130.95,128.925,129.69,15569373.0,129.8682
2023-08-23 04:00:00,130.85,134.07,130.51,133.21,26497027.0,133.2082
2023-08-24 04:00:00,134.7272,134.97,130.3,130.42,18680381.0,131.8825
2023-08-25 04:00:00,130.14,131.4,128.04,130.69,20678096.0,129.9131
2023-08-28 04:00:00,132.08,133.24,130.85,131.79,16715467.0,131.765
2023-08-29 04:00:00,132.9981,137.295,132.98,135.49,30803265.0,135.2967
2023-08-30 04:00:00,135.57,137.25,135.021,136.93,21773356.0,136.457
2023-08-31 04:00:00,137.05,138.4,136.82,137.35,28147850.0,137.7219
2023-09-01 04:00:00,138.43,138.58,135.94,136.8,16671647.0,136.8128
2023-09-05 04:00:00,136.44,137.37,135.56,136.71,17730218.0,136.5011
2023-09-06 04:00:00,137.015,137.48,134.69,135.37,15814327.0,135.6799
2023-09-07 04:00:00,134.6,136.58,133.9601,136.2,16867956.0,135.7688
2023-09-08 04:00:00,135.87,137.515,135.87,137.2,17820005.0,136.9627
2023-09-11 04:00:00,137.38,138.2638,136.55,137.74,17145755.0,137.517
2023-09-12 04:00:00,137.13,137.64,135.93,136.07,15212934.0,136.5448
2023-09-13 04:00:00,135.9,137.7,134.93,137.5,16394915.0,136.6791
2023-09-14 04:00:00,138.39,139.55,137.06,138.99,19064607.0,138.723
2023-09-15 04:00:00,138.8,139.36,137.18,138.3,48958837.0,138.2444
2023-09-18 04:00:00,137.63,139.93,137.63,138.96,16233590.0,139.1326
2023-09-19 04:00:00,138.25,139.175,137.5,138.83,15484644.0,138.5037
2023-09-20 04:00:00,138.83,138.84,134.52,134.59,21473533.0,136.1771
2023-09-21 04:00:00,132.39,133.19,131.09,131.36,22058375.0,131.9425
2023-09-22 04:00:00,131.68,133.01,130.51,131.25,17355284.0,131.8237
2023-09-25 04:00:00,130.77,132.22,130.03,132.17,14650032.0,131.5913
2023-09-26 04:00:00,130.914,131.405,128.19,129.45,20374469.0,129.2317
2023-09-27 04:00:00,129.44,131.72,129.38,131.46,18764201.0,130.6948
2023-09-28 04:00:00,130.69,134.1799,130.69,133.13,18201389.0,132.7377
2023-09-29 04:00:00,134.08,134.89,131.32,131.85,23237336.0,132.5801
2023-10-02 04:00:00,132.155,135.36,132.065,135.17,19210394.0,134.3212
2023-10-03 04:00:00,134.93,135.24,132.815,133.3,19628736.0,133.5837
2023-10-04 04:00:00,133.66,136.57,133.43,136.27,22847987.0,135.5046
2023-10-05 04:00:00,136.13,136.5,134.455,135.99,15912704.0,135.753
2023-10-06 04:00:00,134.94,139.1857,134.94,138.73,20824883.0,137.9547
2023-10-09 04:00:00,137.99,139.97,136.7,139.5,16599099.0,138.858
2023-10-10 04:00:00,139.51,140.74,138.43,139.2,19554916.0,139.6351
2023-10-11 04:00:00,139.85,142.22,139.84,141.7,20146341.0,141.3665
2023-10-12 04:00:00,142.16,142.38,139.45,140.29,18173107.0,140.9779
2023-10-13 04:00:00,140.65,141.34,137.97,138.58,19447565.0,139.0809
2023-10-16 04:00:00,139.73,140.905,139.32,140.49,17345556.0,140.2975
2023-10-17 04:00:00,140.03,141.25,138.5287,140.99,17424024.0,140.4298
2023-10-18 04:00:00,140.75,141.99,138.705,139.28,18304869.0,140.3154
2023-10-19 04:00:00,139.8,141.005,138.6,138.98,21831181.0,139.6785
2023-10-20 04:00:00,138.59,139.04,136.245,136.74,24970263.0,137.2998
2023-10-23 04:00:00,136.23,139.02,135.11,137.9,20740665.0,137.7627
2023-10-24 04:00:00,139.16,140.7099,138.75,140.12,26315198.0,139.007
2023-10-25 04:00:00,129.77,130.1,126.09,126.67,58796067.0,127.5346
2023-10-26 04:00:00,124.47,125.46,122.32,123.44,33907363.0,123.6603
2023-10-27 04:00:00,124.03,124.44,121.46,123.4,37277673.0,123.0081
2023-10-30 04:00:00,124.46,126.55,123.88,125.75,24165658.0,125.6564
2023-10-31 04:00:00,126.27,126.56,123.925,125.3,21123418.0,125.0398
2023-11-01 04:00:00,125.34,127.74,124.925,127.57,26536604.0,126.7511
2023-11-02 04:00:00,129.56,130.09,128.11,128.58,24091672.0,128.7671
2023-11-03 04:00:00,129.09,130.73,129.01,130.37,19529448.0,130.1117
2023-11-06 05:00:00,130.22,131.56,129.93,131.45,15260362.0,130.9959
2023-11-07 05:00:00,131.98,133.28,131.14,132.4,19223786.0,132.4604
2023-11-08 05:00:00,132.36,133.54,132.16,133.26,15093598.0,132.908
2023-11-09 05:00:00,133.36,133.96,131.51,131.69,17776533.0,132.4159
2023-11-10 05:00:00,131.53,134.27,130.87,134.06,20879838.0,133.1589
2023-11-13 05:00:00,133.36,134.11,132.77,133.64,16409856.0,133.626
2023-11-14 05:00:00,135.65,137.24,135.1,135.43,22317345.0,135.9191
2023-11-15 05:00:00,136.64,136.84,135.33,136.38,15840883.0,136.106
2023-11-16 05:00:00,136.96,138.8799,136.08,138.7,17615068.0,138.1613
2023-11-17 05:00:00,137.82,138.0,135.48,136.94,25531191.0,136.6774
2023-11-20 05:00:00,135.5,138.425,135.49,137.92,19589006.0,137.5696
2023-11-21 05:00:00,137.94,138.965,137.705,138.62,17648067.0,138.3522
2023-11-22 05:00:00,139.1,141.1,139.0,140.02,17310209.0,140.0762
2023-11-24 05:00:00,139.54,139.677,137.47,138.22,8736640.0,138.2847
2023-11-27 05:00:00,137.57,139.63,137.54,138.05,17886389.0,138.2066
2023-11-28 05:00:00,137.63,138.66,137.04,138.62,16686868.0,138.1079
2023-11-29 05:00:00,138.985,139.67,136.295,136.4,21014715.0,137.1758
2023-11-30 05:00:00,136.4,136.96,132.79,133.92,29913531.0,133.982
2023-12-01 05:00:00,133.32,133.5,132.1517,133.32,24267987.0,132.9458
2023-12-04 05:00:00,131.294,131.45,129.4,130.63,24117083.0,130.2939
2023-12-05 05:00:00,130.37,133.54,129.73,132.39,19225545.0,132.1493
2023-12-06 05:00:00,132.9,133.31,131.31,131.43,16360648.0,132.0844
2023-12-07 05:00:00,136.6,140.0,136.23,138.45,38419426.0,138.4452
2023-12-08 05:00:00,135.66,137.99,135.57,136.64,23016139.0,136.6293
2023-12-11 05:00:00,133.82,134.79,132.89,134.7,24502860.0,134.1482
2023-12-12 05:00:00,133.27,134.54,132.83,133.64,26583981.0,133.6619
2023-12-13 05:00:00,134.545,134.78,132.95,133.97,25414461.0,133.8852
2023-12-14 05:00:00,134.77,135.035,131.06,133.2,29619098.0,132.827
2023-12-15 05:00:00,132.92,134.83,132.63,133.84,58494004.0,133.6031
2023-12-18 05:00:00,133.86,138.38,133.77,137.19,25699767.0,136.978
2023-12-19 05:00:00,138.0,138.77,137.45,138.1,20661000.0,138.0842
2023-12-20 05:00:00,140.33,143.0783,139.41,139.66,33507342.0,141.1351
2023-12-21 05:00:00,140.77,142.03,140.4725,141.8,18101476.0,141.3765
2023-12-22 05:00:00,142.13,143.25,142.055,142.72,18513524.0,142.6142
2023-12-26 05:00:00,142.98,143.945,142.5001,142.82,11170066.0,142.9456
2023-12-27 05:00:00,142.83,143.32,141.0512,141.44,17288358.0,141.5989
2023-12-28 05:00:00,141.85,142.27,140.8283,141.28,12192549.0,141.4119
2023-12-29 05:00:00,140.68,141.435,139.9,140.93,14880961.0,140.7782
2024-01-02 05:00:00,139.6,140.6147,137.74,139.56,20071885.0,139.1284
2024-01-03 05:00:00,138.6,141.09,138.43,140.36,18974308.0,140.139
2024-01-04 05:00:00,139.85,140.635,138.01,138.04,18253331.0,138.9222
2024-01-05 05:00:00,138.352,138.81,136.85,137.39,15439475.0,137.6653
2024-01-08 05:00:00,138.0,140.64,137.88,140.53,16545293.0,139.7572
2024-01-09 05:00:00,140.06,142.7998,139.79,142.56,19579667.0,141.9562
2024-01-10 05:00:00,142.52,144.525,142.46,143.8,16641881.0,143.6174
2024-01-11 05:00:00,144.895,146.66,142.215,143.67,17471130.0,143.8003
2024-01-12 05:00:00,144.34,144.74,143.36,144.24,13998729.0,144.2244
2024-01-16 05:00:00,143.43,145.84,143.0564,144.08,19188189.0,144.1233
2024-01-17 05:00:00,142.91,143.41,140.51,142.89,17884548.0,142.2109
2024-01-18 05:00:00,143.44,145.585,143.35,144.99,18876800.0,144.6894
2024-01-19 05:00:00,146.305,148.04,145.8,147.97,27181032.0,147.3655
2024-01-22 05:00:00,148.71,150.015,147.58,147.71,21779232.0,148.5338
2024-01-23 05:00:00,147.72,148.86,147.19,148.68,14113649.0,148.3144
2024-01-24 05:00:00,150.29,151.57,149.84,150.35,19245031.0,150.6715
2024-01-25 05:00:00,151.74,154.76,151.22,153.64,21495120.0,153.4168
2024-01-26 05:00:00,152.87,154.11,152.8,153.79,19494488.0,153.54
2024-01-29 05:00:00,153.64,155.2,152.92,154.84,20909258.0,154.1532
2024-01-30 05:00:00,154.01,155.04,152.775,153.05,26537134.0,152.8671
2024-01-31 05:00:00,145.39,145.59,141.55,141.8,43908584.0,143.2172
2024-02-01 05:00:00,143.69,144.62,142.26,142.71,25526855.0,143.1333
2024-02-02 05:00:00,140.89,143.88,138.17,143.54,42106127.0,141.6363
2024-02-05 05:00:00,144.04,146.67,143.91,144.93,29254444.0,145.215
2024-02-06 05:00:00,145.96,146.74,144.52,145.41,21517655.0,145.4096
2024-02-07 05:00:00,146.12,147.0,145.2103,146.68,21436126.0,146.397
2024-02-08 05:00:00,146.97,147.61,146.42,147.22,18241319.0,147.1074
2024-02-09 05:00:00,147.95,150.695,147.43,150.22,21877693.0,149.7306
2024-02-12 05:00:00,149.54,150.59,148.56,148.73,17236108.0,149.3934
2024-02-13 05:00:00,146.07,148.04,145.11,146.37,18138482.0,146.4141
2024-02-14 05:00:00,147.37,147.83,145.555,147.14,16651824.0,146.6373
2024-02-15 05:00:00,144.46,144.76,141.88,143.94,26724305.0,143.4425
2024-02-16 05:00:00,144.21,144.48,141.52,141.76,21865118.0,142.3707
2024-02-20 05:00:00,140.94,143.3285,140.8,142.2,18625589.0,142.1658
2024-02-21 05:00:00,142.64,143.98,141.91,143.84,16499584.0,143.2543
2024-02-22 05:00:00,146.12,146.2,144.01,145.32,23000707.0,145.1479
2024-02-23 05:00:00,144.97,145.955,144.79,145.29,14519434.0,145.3034
2024-02-26 05:00:00,143.45,143.84,138.74,138.75,33513011.0,140.2236
2024-02-27 05:00:00,139.41,140.49,138.5,140.1,22363981.0,139.5097
2024-02-28 05:00:00,139.1,139.28,136.64,137.43,30628702.0,137.4655
2024-02-29 05:00:00,138.35,139.95,137.57,139.78,35485006.0,139.0744
2024-03-01 05:00:00,139.61,140.0,137.975,138.08,28551525.0,138.7688
2024-03-04 05:00:00,136.54,136.63,132.86,134.2,43571510.0,134.0105
2024-03-05 05:00:00,132.74,134.02,131.55,133.78,28447550.0,133.0401
2024-03-06 05:00:00,134.24,134.74,131.95,132.56,23175200.0,132.7237
2024-03-07 05:00:00,133.89,135.82,132.66,135.24,24107282.0,134.7866
2024-03-08 05:00:00,135.035,138.985,134.8,136.29,26495160.0,137.1159
2024-03-11 04:00:00,137.07,139.98,137.07,138.94,22536365.0,138.9942
2024-03-12 04:00:00,138.25,140.28,138.21,139.62,19019696.0,139.611
2024-03-13 04:00:00,140.06,142.19,140.01,140.77,19636999.0,141.1197
2024-03-14 04:00:00,142.3,144.73,141.485,144.34,36117913.0,143.8083
2024-03-15 04:00:00,143.41,144.34,141.1301,142.17,41039494.0,142.2968
2024-03-18 04:00:00,149.37,152.93,148.14,148.48,47677092.0,150.2583
2024-03-19 04:00:00,148.98,149.62,147.01,147.92,17748367.0,147.7903
2024-03-20 04:00:00,148.79,149.76,147.665,149.68,17720246.0,148.9809
2024-03-21 04:00:00,150.32,151.305,148.0101,148.74,19843915.0,149.0813
2024-03-22 04:00:00,150.24,152.56,150.09,151.77,19252925.0,151.6865
2024-03-25 04:00:00,150.95,151.456,148.8,151.15,15114728.0,150.5671
2024-03-26 04:00:00,151.24,153.2,151.03,151.7,19312694.0,152.13
2024-03-27 04:00:00,152.145,152.69,150.13,151.94,16580364.0,151.3525
2024-03-28 04:00:00,152.0,152.67,151.33,152.26,21105628.0,152.1635
2024-04-01 04:00:00,151.83,157.0,151.65,156.5,24469815.0,155.7895
2024-04-02 04:00:00,154.75,155.99,153.46,155.87,17598064.0,155.1383
2024-04-03 04:00:00,154.92,156.55,154.1321,156.37,17266175.0,155.8758
2024-04-04 04:00:00,155.08,156.18,151.88,151.94,24184842.0,153.8969
2024-04-05 04:00:00,151.68,154.84,151.081,153.94,16297319.0,153.7686
2024-04-08 04:00:00,154.015,156.655,153.99,156.14,16641530.0,155.9755
2024-04-09 04:00:00,157.35,159.89,156.64,158.14,21538140.0,158.0945
2024-04-10 04:00:00,157.88,158.16,156.2,157.66,16336974.0,157.2433
2024-04-11 04:00:00,158.34,161.1199,157.93,160.79,17841703.0,159.8751
2024-04-12 04:00:00,159.405,161.7,158.6,159.19,16989765.0,159.6335
2024-04-15 04:00:00,160.28,160.83,156.15,156.33,20493789.0,158.3748
2024-04-16 04:00:00,155.64,157.23,155.05,156.0,15024008.0,156.1771
2024-04-17 04:00:00,157.19,158.681,156.135,156.88,15227870.0,157.2979
2024-04-18 04:00:00,156.925,158.485,156.21,157.46,13794011.0,157.5469
2024-04-19 04:00:00,157.75,157.99,153.91,155.72,19670213.0,155.8013
2024-04-22 04:00:00,156.01,159.185,155.66,157.95,16693975.0,157.5986
2024-04-23 04:00:00,158.59,160.48,157.965,159.92,15874791.0,159.7333
2024-04-24 04:00:00,159.09,161.39,158.82,161.1,18954637.0,160.1056
2024-04-25 04:00:00,153.36,158.28,152.768,157.95,35558290.0,160.1915
2024-04-26 04:00:00,175.99,176.42,171.4,173.69,55430487.0,173.7389
2024-04-29 04:00:00,170.77,171.38,167.06,167.9,35730361.0,169.172
2024-04-30 04:00:00,167.38,169.87,164.5,164.64,28532636.0,166.5913
2024-05-01 04:00:00,166.18,168.81,164.9,165.57,25051655.0,166.6727
2024-05-02 04:00:00,166.67,168.53,165.69,168.46,16580577.0,167.4833
2024-05-03 04:00:00,169.54,169.85,164.98,168.99,22564132.0,167.6899
2024-05-06 04:00:00,169.22,169.9,167.89,169.83,14869552.0,168.9526
2024-05-07 04:00:00,170.12,173.47,170.0,172.98,20589960.0,172.3599
2024-05-08 04:00:00,170.75,171.9092,170.522,171.16,13063271.0,171.3302
2024-05-09 04:00:00,171.15,172.44,169.93,171.58,11821652.0,170.9353
2024-05-10 04:00:00,169.69,171.34,167.91,170.29,18576516.0,169.8459
2024-05-13 04:00:00,165.847,170.95,165.76,170.9,19213947.0,168.4853
2024-05-14 04:00:00,171.59,172.78,170.42,171.93,18627813.0,171.6764
2024-05-15 04:00:00,172.3,174.0459,172.03,173.88,16687780.0,173.3207
2024-05-16 04:00:00,174.6,176.34,174.05,175.43,17120366.0,175.4309
2024-05-17 04:00:00,175.55,177.495,174.98,177.29,16434957.0,176.8948
2024-05-20 04:00:00,177.31,179.95,177.225,178.46,14439313.0,178.5577
2024-05-21 04:00:00,178.4,179.82,177.31,179.54,13725768.0,179.0375
2024-05-22 04:00:00,178.4,178.852,176.7801,178.0,15100514.0,177.5845
2024-05-23 04:00:00,178.78,179.91,174.54,175.06,14527309.0,176.5303
2024-05-24 04:00:00,176.52,177.3044,175.2,176.33,11091214.0,176.5148
2024-05-28 04:00:00,175.74,178.51,175.68,178.02,15055479.0,177.5314
2024-05-29 04:00:00,176.81,178.23,176.26,177.4,14259381.0,177.5547
2024-05-30 04:00:00,176.69,176.69,173.23,173.56,17688897.0,174.4322
2024-05-31 04:00:00,173.4,174.42,170.97,173.96,25377188.0,173.2392
2024-06-03 04:00:00,173.88,175.86,172.45,174.42,19083409.0,173.9482
2024-06-04 04:00:00,174.45,175.19,173.22,175.13,12969567.0,174.4507
2024-06-05 04:00:00,176.535,177.97,175.29,177.07,14664305.0,176.6816
2024-06-06 04:00:00,177.43,178.71,177.21,178.35,13765229.0,178.0601
2024-06-07 04:00:00,178.46,179.42,175.79,175.95,14175930.0,177.456
2024-06-10 04:00:00,176.45,178.47,174.38,176.63,15845601.0,175.904
2024-06-11 04:00:00,177.72,178.39,175.44,178.19,13169210.0,177.2633
2024-06-12 04:00:00,179.75,182.08,177.78,179.56,17273710.0,179.4852
2024-06-13 04:00:00,177.84,178.51,176.66,176.74,14427875.0,177.4082
2024-06-14 04:00:00,175.852,178.73,175.852,178.37,11398936.0,177.9763
2024-06-17 04:00:00,176.98,179.92,176.49,178.78,14552067.0,178.2075
2024-06-18 04:00:00,178.79,178.91,175.62,176.45,15001299.0,176.7752
2024-06-20 04:00:00,176.71,178.74,176.46,177.71,15451971.0,177.4666
2024-06-21 04:00:00,178.49,182.5117,178.06,180.26,56986554.0,180.3701
2024-06-24 04:00:00,181.28,182.08,180.23,180.79,16431151.0,180.9856
2024-06-25 04:00:00,181.145,185.75,181.105,185.58,17072050.0,184.0531
2024-06-26 04:00:00,184.2,185.93,183.99,185.37,12795580.0,185.2511
2024-06-27 04:00:00,185.645,187.5,185.45,186.86,12562203.0,186.6356
2024-06-28 04:00:00,185.72,186.58,183.325,183.42,21063563.0,184.4292
2024-07-01 04:00:00,184.48,185.34,182.73,184.49,11541130.0,184.0893
2024-07-02 04:00:00,183.47,186.95,183.06,186.61,11740231.0,185.747
2024-07-03 04:00:00,186.3,187.62,185.385,187.39,7194674.0,186.9062
2024-07-05 04:00:00,187.32,192.26,187.32,191.96,13980896.0,191.3118
2024-07-08 04:00:00,191.365,191.6791,189.32,190.48,11410338.0,190.4947
2024-07-09 04:00:00,191.75,192.86,190.23,190.44,10040905.0,191.1896
2024-07-10 04:00:00,190.75,193.31,190.62,192.66,11546966.0,192.2425
2024-07-11 04:00:00,191.34,192.41,186.82,187.3,16180016.0,188.545
2024-07-12 04:00:00,186.92,188.69,186.14,186.78,14030900.0,187.243
2024-07-15 04:00:00,186.49,189.9,186.49,188.19,11601542.0,188.3421
2024-07-16 04:00:00,188.96,190.34,185.12,185.5,12123381.0,186.5901
2024-07-17 04:00:00,184.68,185.23,181.62,182.62,17111470.0,182.8047
2024-07-18 04:00:00,183.54,184.05,178.21,179.22,17478698.0,179.9058
2024-07-19 04:00:00,180.37,181.97,178.86,179.39,13471137.0,180.0413
2024-07-22 04:00:00,182.35,184.3,181.9,183.35,14979380.0,183.3689
2024-07-23 04:00:00,183.84,185.22,183.33,183.6,22763864.0,184.1738
2024-07-24 04:00:00,175.39,177.95,173.57,174.37,30521877.0,175.2361
2024-07-25 04:00:00,174.25,175.2,169.05,169.16,27966529.0,171.63
2024-07-26 04:00:00,168.77,169.84,165.865,168.68,24190234.0,168.0101
2024-07-29 04:00:00,170.5,172.16,169.72,171.13,13577105.0,171.0436
2024-07-30 04:00:00,171.83,172.95,170.12,171.86,12937117.0,171.6124
2024-07-31 04:00:00,174.92,175.91,171.72,173.15,14987386.0,173.2548
2024-08-01 04:00:00,171.98,175.68,170.51,172.45,16585762.0,172.648
2024-08-02 04:00:00,168.19,170.21,166.39,168.4,18163479.0,167.8684
2024-08-05 04:00:00,157.37,165.94,156.6,160.64,34743325.0,161.8724
2024-08-06 04:00:00,160.945,162.35,158.13,160.54,35508983.0,160.6687
2024-08-07 04:00:00,163.24,164.79,160.24,160.75,18667563.0,162.0534
2024-08-08 04:00:00,162.344,165.5,162.03,163.84,14619582.0,164.1201
2024-08-09 04:00:00,161.645,165.52,160.93,165.39,13317401.0,163.103
2024-08-12 04:00:00,165.995,166.7,163.55,163.95,12087759.0,164.6036
2024-08-13 04:00:00,165.185,166.54,164.77,165.93,12546020.0,165.6058
2024-08-14 04:00:00,164.21,164.96,159.53,162.03,22350864.0,161.4028
2024-08-15 04:00:00,162.21,163.52,161.49,163.17,17507334.0,162.7022
2024-08-16 04:00:00,163.41,166.95,163.08,164.74,16338989.0,165.1216
2024-08-19 04:00:00,167.0,168.47,166.09,168.4,12689787.0,167.4902
2024-08-20 04:00:00,168.74,170.41,168.66,168.96,11141232.0,169.4324
2024-08-21 04:00:00,166.99,168.64,166.57,167.63,13913831.0,167.5877
2024-08-22 04:00:00,169.04,169.42,165.03,165.49,15958113.0,166.4339
2024-08-23 04:00:00,166.55,167.95,165.66,167.43,13033829.0,167.0864
2024-08-26 04:00:00,168.155,169.38,166.32,167.93,9353213.0,167.811
2024-08-27 04:00:00,167.61,168.245,166.16,166.38,12254583.0,167.1387
2024-08-28 04:00:00,166.78,167.39,163.28,164.5,14617459.0,164.6028
2024-08-29 04:00:00,166.06,167.63,161.982,163.4,14924858.0,164.7639
2024-08-30 04:00:00,164.22,165.28,163.41,165.11,17757911.0,164.6067
2024-09-03 04:00:00,163.315,163.38,157.855,158.61,24465917.0,159.892
2024-09-04 04:00:00,158.075,160.4,157.44,157.81,16678927.0,158.5351
2024-09-05 04:00:00,157.78,161.015,157.52,158.6,13616241.0,158.9667
2024-09-06 04:00:00,158.69,159.22,151.935,152.13,23692816.0,153.4788
2024-09-09 04:00:00,153.63,154.64,148.2,149.54,27658410.0,150.415
2024-09-10 04:00:00,151.45,152.3,149.5427,150.01,20125659.0,150.5441
2024-09-11 04:00:00,151.09,152.48,148.7,152.15,18543938.0,151.1268
2024-09-12 04:00:00,154.81,155.61,153.5,155.54,20285163.0,154.9362
2024-09-13 04:00:00,156.362,159.275,156.11,158.37,16296022.0,158.0373
2024-09-16 04:00:00,158.33,159.24,157.61,158.99,13748052.0,158.786
2024-09-17 04:00:00,160.09,161.59,159.41,160.28,11855076.0,160.2781
2024-09-18 04:00:00,160.85,161.63,159.66,160.81,16561783.0,160.7245
2024-09-19 04:00:00,164.82,164.99,162.5216,163.24,16853741.0,163.7145
2024-09-20 04:00:00,164.52,164.75,163.18,164.64,36797378.0,164.3766
2024-09-23 04:00:00,165.34,166.61,162.95,163.07,14885014.0,164.139
2024-09-24 04:00:00,164.25,164.55,162.03,163.64,18185030.0,163.5983
2024-09-25 04:00:00,162.97,164.217,162.775,162.99,11602220.0,163.2814
2024-09-26 04:00:00,165.03,165.5,163.5,163.83,18066051.0,164.1651
2024-09-27 04:00:00,163.91,166.97,163.83,165.29,13145471.0,165.5005
2024-09-30 04:00:00,164.78,167.36,164.64,167.19,13762305.0,166.2441
2024-10-01 04:00:00,168.86,170.44,165.9,168.42,17105803.0,168.0494
2024-10-02 04:00:00,167.76,168.88,166.25,167.31,12210966.0,167.1302
2024-10-03 04:00:00,165.82,167.91,165.37,167.21,10437142.0,166.9514
2024-10-04 04:00:00,169.34,169.55,166.96,168.56,11246232.0,168.1305
2024-10-07 04:00:00,169.14,169.9,164.13,164.39,13153316.0,166.0384
2024-10-08 04:00:00,165.43,166.1,164.31,165.7,10852396.0,165.2463
2024-10-09 04:00:00,164.855,166.26,161.12,163.06,19444082.0,162.8647
2024-10-10 04:00:00,162.11,164.3107,161.64,163.18,12519643.0,163.2691
2024-10-11 04:00:00,163.33,165.27,162.5,164.52,10574059.0,164.4349
2024-10-14 04:00:00,164.91,167.62,164.78,166.35,9870507.0,166.3541
2024-10-15 04:00:00,167.14,169.09,166.05,166.9,13855275.0,167.1674
2024-10-16 04:00:00,166.03,167.28,165.216,166.74,9443195.0,166.3693
2024-10-17 04:00:00,167.38,167.93,164.37,164.51,14757427.0,165.3447
2024-10-18 04:00:00,164.87,166.3699,164.75,165.05,12659494.0,165.2792
2024-10-21 04:00:00,164.58,166.22,164.305,165.8,10239727.0,165.514
2024-10-22 04:00:00,164.7,167.47,164.67,166.82,11446914.0,166.5491
2024-10-23 04:00:00,166.43,167.6,163.6325,164.48,12051512.0,164.8793
2024-10-24 04:00:00,164.59,165.05,162.77,164.53,12415049.0,164.3105
2024-10-25 04:00:00,165.365,167.4,165.23,166.99,13092938.0,166.7475
2024-10-28 04:00:00,170.59,170.606,165.79,168.34,19840509.0,168.5478
2024-10-29 04:00:00,169.385,171.86,168.66,171.14,28676682.0,172.3754
2024-10-30 04:00:00,182.41,183.79,175.7451,176.14,49087448.0,180.1892
2024-10-31 04:00:00,174.72,178.42,172.56,172.69,31450456.0,174.7432
2024-11-01 04:00:00,171.54,173.82,170.31,172.65,20828469.0,172.6908
2024-11-04 05:00:00,171.24,171.92,169.485,170.68,15101219.0,170.6965
2024-11-05 05:00:00,170.83,172.0973,170.37,171.41,11640064.0,171.327
2024-11-06 05:00:00,175.35,178.64,175.04,178.33,24910629.0,177.3925
2024-11-07 05:00:00,179.11,182.58,178.89,182.28,16304935.0,181.1504
2024-11-08 05:00:00,182.0,182.35,179.57,179.86,14596943.0,180.3466
2024-11-11 05:00:00,180.07,182.085,179.99,181.97,12244665.0,181.4446
2024-11-12 05:00:00,181.38,184.025,180.99,183.32,13150646.0,182.6792
2024-11-13 05:00:00,182.15,182.615,180.12,180.49,13544617.0,180.9447
2024-11-14 05:00:00,179.75,180.445,176.03,177.35,15932390.0,177.4544
2024-11-15 05:00:00,175.64,175.88,172.745,173.89,20654786.0,174.0343
2024-11-18 05:00:00,174.955,176.91,174.42,176.8,12675657.0,176.0112
2024-11-19 05:00:00,175.235,180.17,175.116,179.58,13940064.0,178.5251
2024-11-20 05:00:00,178.83,179.11,175.33,177.33,14429930.0,176.8894
2024-11-21 05:00:00,175.455,175.58,165.31,169.24,36226068.0,168.2341
2024-11-22 05:00:00,167.16,168.2645,165.71,166.57,23446733.0,166.8668
2024-11-25 05:00:00,167.99,170.46,167.4,169.43,18989585.0,169.2641
2024-11-26 05:00:00,169.49,171.495,169.43,170.62,14058215.0,170.604
2024-11-27 05:00:00,170.68,171.14,169.67,170.82,11473267.0,170.7127
2024-11-29 05:00:00,170.06,170.87,168.75,170.49,8355812.0,170.259
2024-12-02 05:00:00,170.32,173.6,170.27,172.98,15404994.0,172.7347
2024-12-03 05:00:00,173.12,174.32,172.51,173.02,15157993.0,173.0622
2024-12-04 05:00:00,172.78,176.43,172.75,176.09,16192287.0,175.5482
2024-12-05 05:00:00,177.32,177.71,174.01,174.31,15534039.0,175.0528
2024-12-06 05:00:00,173.88,176.8389,173.55,176.49,12755364.0,176.085
2024-12-09 05:00:00,175.715,178.04,175.4,177.1,18569567.0,177.019
2024-12-10 05:00:00,184.535,188.03,182.67,186.53,33561351.0,185.4466
2024-12-11 05:00:00,186.7,196.89,186.26,196.71,40403171.0,194.0765
2024-12-12 05:00:00,196.3,196.7053,193.28,193.63,24396467.0,195.0759
2024-12-13 05:00:00,192.71,194.34,191.26,191.38,18570453.0,192.4538
2024-12-16 05:00:00,194.365,200.64,194.11,198.16,31075954.0,198.0688
2024-12-17 05:00:00,198.53,202.88,196.69,197.12,23169488.0,198.6032
2024-12-18 05:00:00,196.83,198.6899,189.28,190.15,24821812.0,193.3976
2024-12-19 05:00:00,193.28,194.6,189.52,189.7,24076602.0,191.3351
2024-12-20 05:00:00,187.01,194.1354,186.37,192.96,36635200.0,191.5381
2024-12-23 05:00:00,194.03,196.49,191.63,195.99,14380304.0,194.8382
2024-12-24 05:00:00,196.17,197.67,195.1979,197.57,6744299.0,196.9494
2024-12-26 05:00:00,196.74,198.16,195.87,197.1,7289929.0,197.2982
2024-12-27 05:00:00,196.47,196.8,191.972,194.04,14438576.0,193.7329
2024-12-30 05:00:00,190.865,193.78,190.36,192.69,11615600.0,192.5274
2024-12-31 05:00:00,192.445,193.25,189.58,190.44,13878157.0,191.2029
2025-01-02 05:00:00,191.485,193.2,188.71,190.63,17123231.0,190.6873
2025-01-03 05:00:00,192.725,194.5,191.35,193.13,12347398.0,193.0253
2025-01-06 05:00:00,195.15,199.56,195.06,197.96,17973278.0,197.9065
2025-01-07 05:00:00,198.27,202.14,195.94,196.71,16483464.0,198.1117
2025-01-08 05:00:00,193.95,197.64,193.75,195.39,14053891.0,195.7223
2025-01-10 05:00:00,195.42,197.62,191.6,193.17,19830294.0,193.8037
2025-01-13 05:00:00,191.35,192.49,188.66,192.29,12255579.0,191.1607
2025-01-14 05:00:00,192.5,193.27,189.64,191.05,10720408.0,191.3954
2025-01-15 05:00:00,194.35,197.8,193.33,196.98,12340280.0,196.155
2025-01-16 05:00:00,195.825,196.9799,194.3,194.41,11701839.0,195.4324
2025-01-17 05:00:00,198.05,198.81,195.31,197.55,20210579.0,197.4669
2025-01-21 05:00:00,200.51,203.84,199.44,199.63,16428399.0,200.5044
2025-01-22 05:00:00,200.55,202.12,199.2,200.03,14729334.0,200.547
2025-01-23 05:00:00,199.98,201.94,196.82,199.58,14549698.0,199.7503
2025-01-24 05:00:00,199.85,202.57,199.7842,201.9,11971868.0,201.3798
2025-01-27 05:00:00,194.19,198.67,192.7,193.77,24416201.0,194.9707
2025-01-28 05:00:00,194.65,197.23,192.61,197.07,14593548.0,196.087
2025-01-29 05:00:00,197.37,198.4595,195.19,197.18,12115939.0,196.9165
2025-01-30 05:00:00,199.76,203.2384,199.4717,202.63,14165842.0,201.8656
2025-01-31 05:00:00,203.715,207.08,203.58,205.6,16707564.0,205.8089
2025-02-03 05:00:00,202.215,205.22,201.66,202.64,15718863.0,203.3542
2025-02-04 05:00:00,204.5,208.7,204.26,207.71,27135996.0,203.9812
2025-02-05 05:00:00,193.1,194.5499,189.91,193.3,43265321.0,192.0813
2025-02-06 05:00:00,190.99,193.83,190.49,193.31,20424837.0,192.4622
2025-02-07 05:00:00,192.74,193.015,185.1,187.14,28136272.0,188.068
2025-02-10 05:00:00,189.06,189.99,187.61,188.2,15346896.0,188.5611
2025-02-11 05:00:00,186.835,188.8,186.08,187.07,11395951.0,187.0803
2025-02-12 05:00:00,185.23,186.83,183.63,185.43,15340748.0,185.3737
2025-02-13 05:00:00,185.93,187.99,184.88,187.88,12262168.0,186.4685
2025-02-14 05:00:00,186.83,188.15,186.11,186.87,12443866.0,186.9944
2025-02-18 05:00:00,187.44,187.78,183.58,185.8,18359911.0,185.6456
2025-02-19 05:00:00,186.185,187.36,185.5,187.13,12189868.0,186.6342
2025-02-20 05:00:00,186.5,187.12,184.6,186.64,11442633.0,186.1269
2025-02-21 05:00:00,187.29,187.47,181.13,181.58,18490556.0,183.3089
